{"cameraMode":{"drawMode":0,"name":"Shaded","section":"Shading Mode"},"sceneLighting":false,"audioPlay":false,"sceneViewState":{"m_AlwaysRefresh":false,"showFog":true,"showSkybox":false,"showFlares":true,"showImageEffects":true,"showParticleSystems":true,"showVisualEffectGraphs":true,"m_FxEnabled":true},"in2DMode":false,"pivot":{"x":0.7720746397972107,"y":0.6197803020477295,"z":1.4126983880996705},"rotation":{"x":0.05888635292649269,"y":-0.48654648661613467,"z":0.032891012728214267,"w":0.8710576891899109},"size":0.8955420851707459,"orthographic":false}